Gold_variation,Delta_Gold,Delta_Silver,Delta_Bronze
-5,-6.068752768097515,-5.971871341939017,-6.530274337935614
0,-6.068752768097515,-5.971871341939017,-6.530274337935614
5,-6.068752768097515,-5.971871341939017,-6.530274337935614
